error(percentage),method
0.097077922,RFx
0.20531746,RFx
0.151397059,RFx
0.320172414,RFx
0.216296296,RFx
0.116703297,RFx
0.07480226,RFx
0.072960894,RFx
0.073350515,RFx
0.22726087,RFx
0.044366197,RFx
0.257163636,RFx
0.365388889,RFx
0.188106509,RFx
0.116774194,RFx
0.063670213,RFx
0.153661202,RFx
0.141684211,RFx
0.096779661,RFx
0.183142857,RFx
0.127909836,RFx
0.047666667,RFx
0.103650794,RFx
0.116341463,RFx
0.231161826,RFx
0.275308219,RFx
0.225043478,RFx
0.051812689,RFx
0.122397661,RFx
0.101876833,RFx
0.107589928,RFx
0.002112211,RFx
0.066993865,RFx
0.06829932,RFx
0.040032468,RFx
0.00350365,RFx
0.03161157,RFx
0.129587156,RFx
0.021181818,RFx
0.276987179,RFx
0.034516129,RFx
0.413188406,RFx
0.057763713,RFx
0.172396694,RFx
0.116103286,RFx
0.172317073,RFx
0.234496124,RFx
1.317692308,RFx
0.060325203,RFx
0.145909091,RFx
0.252383721,RFx
0.336388889,RFx
0.082236287,RFx
0.09884058,RFx
0.000148515,RFx
0.05760181,RFx
0.11572,RFx
0.129675926,RFx
0.249310345,RFx
0.087258065,RFx
0.180190476,RFx
0.098181818,RFx
0.031436782,RFx
0.040546448,RFx
0.322340426,RFx
0.211369863,RFx
0.186575342,RFx
0.112074468,RFx
0.026327684,RFx
0.08615894,RFx
0.015367232,RFx
0.3475,RFx
0.037368421,RFx
0.084104046,RFx
0.068025478,RFx
0.094662162,RFx
0.016149733,RFx
0.103048128,RFx
0.014197531,RFx
0.207307692,RFx
0.124,RFx
0.0756,RFx
0.146222222,RFx
0.088970588,RFx
0.06745098,RFx
0.191121076,RFx
0.049904762,RFx
0.113125,RFx
0.166709957,RFx
0.128950276,RFx
0.22460251,RFx
0.092067039,RFx
0.289209486,RFx
0.444071856,RFx
0.331258278,RFx
0.141374408,RFx
0.197106918,RFx
0.131923077,RFx
0.00245509,RFx
1.021454545,RFx
0.018256881,RFx
0.218366013,RFx
0.085751295,RFx
0.19125523,RFx
0.238118812,RFx
0.078984772,RFx
0.252681818,RFx
0.491879195,RFx
0.066,RFx
0.128358974,RFx
0.03357513,RFx
0.291592357,RFx
0.015147929,RFx
0.118191489,RFx
0.078363636,RFx
0.097643312,RFx
0.052590361,RFx
0.050287356,RFx
0.337698413,RFx
0.312716763,RFx
0.005208333,RFx
0.153718593,RFx
0.024585635,RFx
0.196852792,RFx
0.533106061,RFx
0.12726257,RFx
0.021381579,RFx
0.187989691,RFx
0.105844749,RFx
0.168258929,RFx
0.260038168,RFx
0.086637931,RFx
0.152676056,RFx
0.131062992,RFx
0.135141509,RFx
0.077229437,RFx
0.160706522,RFx
0.081818182,RFx
0.132727273,RFx
0.179681818,RFx
0.0516,RFx
0.160393258,RFx
0.276027397,RFx
0.101889401,RFx
0.148461538,RFx
0.247821229,RFx
0.079839572,RFx
0.156103896,RFx
0.263391304,RFx
0.167756098,RFx
0.001046512,RFx
0.790416667,RFx
0.02487013,RF
0.181031746,RF
0.001617647,RF
0.133448276,RF
0.024222222,RF
0.195989011,RF
0.075423729,RF
0.155865922,RF
0.093505155,RF
0.375695652,RF
0.031455399,RF
0.253781818,RF
0.394777778,RF
0.211242604,RF
0.203870968,RF
0.100459726,RF
0.12204918,RF
0.049947368,RF
0.058587571,RF
0.13947619,RF
0.232581967,RF
0.038,RF
0.111882716,RF
0.06945122,RF
0.287864454,RF
0.243767123,RF
0.284869565,RF
0.003444109,RF
0.064298246,RF
0.093313783,RF
0.189244604,RF
0.009174917,RF
0.170460123,RF
0.000544218,RF
0.071201299,RF
0.027481752,RF
0.143347107,RF
0.09087156,RF
0.068465909,RF
0.295705128,RF
0.177688172,RF
0.382233437,RF
0.048396624,RF
0.072438017,RF
0.056784038,RF
0.243257114,RF
0.547674419,RF
1.649423077,RF
0.10796748,RF
0.119590909,RF
0.245639535,RF
0.439930556,RF
0.044135021,RF
0.348164251,RF
0.015272277,RF
0.200723982,RF
0.17,RF
0.111805556,RF
0.310988506,RF
0.02125,RF
0.152285714,RF
0.015561497,RF
0.096992337,RF
0.272513661,RF
0.264468085,RF
0.053493151,RF
0.176232877,RF
0.050319149,RF
0.047457627,RF
0.126953642,RF
0.038474576,RF
0.34362069,RF
0.102828947,RF
0.016358382,RF
0.036942675,RF
0.048175676,RF
0.020427807,RF
0.076791444,RF
0.014259259,RF
0.251071314,RF
0.029727273,RF
0.174044444,RF
0.169921296,RF
0.039558824,RF
0.000392157,RF
0.202926009,RF
0.012238095,RF
0.301590909,RF
0.177034632,RF
0.028232044,RF
0.288117155,RF
0.153631285,RF
0.185177866,RF
0.355928144,RF
0.013311258,RF
0.303317536,RF
0.051446541,RF
0.07967033,RF
0.011077844,RF
1.780363636,RF
0.19587156,RF
0.440588235,RF
0.140518135,RF
0.278953975,RF
0.117722772,RF
0.019585448,RF
0.142617424,RF
0.500805369,RF
0.093777778,RF
0.005333333,RF
0.243678756,RF
0.04611465,RF
0.036982249,RF
0.065319149,RF
0.071333333,RF
0.040157113,RF
0.020542169,RF
0.050229885,RF
0.359166667,RF
0.340635838,RF
0.160677083,RF
0.203115578,RF
0.254751381,RF
0.219060914,RF
0.312045455,RF
0.180335196,RF
0.068092105,RF
0.237938144,RF
0.253105023,RF
0.01875,RF
0.205486641,RF
0.085646552,RF
0.001220657,RF
0.167086614,RF
0.125707547,RF
0.1995671,RF
0.03451087,RF
0.024705882,RF
0.245433812,RF
0.179681818,RF
0.0737,RF
0.001011236,RF
0.156027397,RF
0.137142857,RF
0.085113122,RF
0.137150838,RF
0.121550802,RF
0.007727273,RF
0.293652174,RF
0.030926829,RF
0.17622093,RF
1.214722222,RF
0.04846582,LSTMx
0.237544742,LSTMx
0.060663604,LSTMx
0.154337118,LSTMx
0.217901453,LSTMx
0.150697559,LSTMx
0.034768876,LSTMx
0.130674328,LSTMx
0.089077692,LSTMx
0.198871023,LSTMx
0.113484444,LSTMx
0.116656316,LSTMx
0.489021105,LSTMx
0.119245818,LSTMx
0.079284412,LSTMx
0.061413271,LSTMx
0.064712027,LSTMx
0.071869975,LSTMx
0.138773395,LSTMx
0.095491112,LSTMx
0.15392037,LSTMx
0.12439354,LSTMx
0.090832478,LSTMx
0.157241782,LSTMx
0.323177494,LSTMx
0.180131097,LSTMx
0.139991853,LSTMx
0.060379114,LSTMx
0.0014088,LSTMx
0.087577988,LSTMx
0.188763408,LSTMx
0.009846999,LSTMx
0.087019697,LSTMx
0.196847724,LSTMx
0.062256013,LSTMx
0.207001606,LSTMx
0.375684407,LSTMx
0.138948804,LSTMx
0.095554402,LSTMx
0.446711346,LSTMx
0.022519643,LSTMx
0.266552849,LSTMx
0.205626415,LSTMx
0.215763764,LSTMx
0.149960191,LSTMx
0.443399945,LSTMx
0.358778733,LSTMx
2.020467565,LSTMx
0.382049563,LSTMx
0.519810219,LSTMx
0.038827364,LSTMx
0.47820604,LSTMx
0.36378034,LSTMx
0.055693147,LSTMx
0.013676547,LSTMx
0.088039701,LSTMx
0.282964996,LSTMx
0.234003264,LSTMx
0.160210257,LSTMx
0.093718356,LSTMx
0.075320376,LSTMx
0.132973977,LSTMx
0.084128403,LSTMx
0.161018225,LSTMx
0.405506304,LSTMx
0.113458712,LSTMx
0.082125807,LSTMx
0.20480936,LSTMx
0.057775707,LSTMx
0.148353886,LSTMx
0.153522649,LSTMx
0.364625143,LSTMx
0.116084021,LSTMx
0.130040922,LSTMx
0.086012376,LSTMx
0.100179642,LSTMx
0.260355548,LSTMx
0.043546444,LSTMx
0.012981326,LSTMx
0.159139654,LSTMx
0.063782881,LSTMx
0.005846829,LSTMx
0.274302955,LSTMx
0.076439169,LSTMx
0.091505368,LSTMx
0.054546057,LSTMx
0.06405864,LSTMx
0.127024228,LSTMx
0.336302782,LSTMx
0.217062968,LSTMx
0.21024998,LSTMx
0.175916474,LSTMx
0.225247649,LSTMx
0.296761512,LSTMx
0.078037721,LSTMx
0.393373198,LSTMx
0.216930715,LSTMx
0.087003218,LSTMx
0.03520214,LSTMx
2.203642925,LSTMx
0.466253274,LSTMx
0.034821975,LSTMx
0.236464053,LSTMx
0.24064786,LSTMx
0.244927083,LSTMx
0.060660932,LSTMx
0.236163974,LSTMx
0.391312446,LSTMx
0.081090718,LSTMx
0.161024603,LSTMx
0.045523797,LSTMx
0.336033052,LSTMx
0.124236498,LSTMx
0.198611488,LSTMx
0.02454011,LSTMx
0.088797694,LSTMx
0.126570114,LSTMx
0.023555463,LSTMx
0.261713485,LSTMx
0.445450105,LSTMx
0.021129126,LSTMx
0.119858134,LSTMx
0.034626327,LSTMx
0.131114202,LSTMx
0.479601341,LSTMx
0.290901935,LSTMx
0.240462692,LSTMx
0.144564387,LSTMx
0.191931777,LSTMx
0.077965302,LSTMx
0.214157049,LSTMx
0.068186421,LSTMx
0.065419374,LSTMx
0.101164149,LSTMx
0.198952041,LSTMx
0.037164781,LSTMx
0.150686433,LSTMx
0.062815418,LSTMx
0.192033509,LSTMx
0.125262668,LSTMx
0.084196604,LSTMx
0.110718621,LSTMx
0.186543364,LSTMx
0.098944418,LSTMx
0.041717455,LSTMx
0.055470354,LSTMx
0.106362331,LSTMx
0.02585153,LSTMx
0.329800187,LSTMx
0.020364678,LSTMx
0.27256117,LSTMx
1.068273673,LSTMx
0.01324526,LSTM
0.205693606,LSTM
0.08249743,LSTM
0.215739028,LSTM
0.075397315,LSTM
0.070433277,LSTM
0.103994159,LSTM
0.215379437,LSTM
0.013477942,LSTM
0.238177324,LSTM
0.397859755,LSTM
0.148749628,LSTM
0.061117203,LSTM
0.025653997,LSTM
0.034558373,LSTM
0.020204998,LSTM
0.073546493,LSTM
0.133575262,LSTM
0.158864969,LSTM
0.069424555,LSTM
0.127109839,LSTM
0.227431734,LSTM
0.259016421,LSTM
0.213238076,LSTM
0.240246222,LSTM
0.07723206,LSTM
0.119958305,LSTM
0.059585043,LSTM
0.192464643,LSTM
1.03E-05,LSTM
0.020938351,LSTM
0.101035416,LSTM
0.013031166,LSTM
0.153875145,LSTM
0.180246191,LSTM
0.241288078,LSTM
0.109597785,LSTM
0.533047839,LSTM
0.013272605,LSTM
0.257685039,LSTM
0.050108207,LSTM
0.0442343,LSTM
0.142475349,LSTM
0.297557475,LSTM
0.455458647,LSTM
2.092434049,LSTM
0.27823743,LSTM
0.383885722,LSTM
0.20612961,LSTM
0.42822342,LSTM
0.053712737,LSTM
0.022220781,LSTM
0.050851531,LSTM
0.062700924,LSTM
0.152932189,LSTM
0.1421821,LSTM
0.227054113,LSTM
0.086098033,LSTM
0.160986105,LSTM
0.258490462,LSTM
0.182038544,LSTM
0.054616636,LSTM
0.407201884,LSTM
0.114043083,LSTM
0.115618043,LSTM
0.189870117,LSTM
0.023928632,LSTM
0.144911256,LSTM
0.091035672,LSTM
0.486878291,LSTM
0.133737018,LSTM
0.053414994,LSTM
0.067754785,LSTM
0.080871615,LSTM
0.1753853,LSTM
0.073867662,LSTM
0.111161195,LSTM
0.172166064,LSTM
0.113668612,LSTM
0.094242746,LSTM
0.231994746,LSTM
0.067725612,LSTM
0.013776665,LSTM
0.080438564,LSTM
0.07076172,LSTM
0.202731669,LSTM
0.171738225,LSTM
0.23437379,LSTM
0.202320187,LSTM
0.333252464,LSTM
0.252066865,LSTM
0.477085138,LSTM
0.246563732,LSTM
0.137538138,LSTM
0.284267423,LSTM
0.12063006,LSTM
0.170629569,LSTM
2.066272441,LSTM
0.165891455,LSTM
0.171174236,LSTM
0.142264219,LSTM
0.288907025,LSTM
0.026604643,LSTM
0.117060554,LSTM
0.115420283,LSTM
0.411936858,LSTM
0.052967165,LSTM
0.003036396,LSTM
0.002552585,LSTM
0.258287899,LSTM
0.01265869,LSTM
0.072067833,LSTM
0.120073686,LSTM
0.117181712,LSTM
0.013717414,LSTM
0.039636193,LSTM
0.306161252,LSTM
0.291539802,LSTM
0.071285918,LSTM
0.010317475,LSTM
0.08119303,LSTM
0.061090929,LSTM
0.5285846,LSTM
0.153092141,LSTM
0.23025079,LSTM
0.174368806,LSTM
0.10480201,LSTM
0.101166455,LSTM
0.204905658,LSTM
0.030456646,LSTM
0.05958947,LSTM
0.111711256,LSTM
0.160296032,LSTM
0.036012972,LSTM
0.319333219,LSTM
0.060725653,LSTM
0.013007338,LSTM
0.045441618,LSTM
0.095363597,LSTM
0.16765407,LSTM
0.131988052,LSTM
0.01669763,LSTM
0.031380595,LSTM
0.255722706,LSTM
0.021824262,LSTM
0.284322289,LSTM
0.259014258,LSTM
0.083449098,LSTM
0.175007937,LSTM
1.654070177,LSTM
0.186474478,ARIMAx
0.101386034,ARIMAx
0.151052864,ARIMAx
0.02818418,ARIMAx
0.215596661,ARIMAx
0.228485294,ARIMAx
0.175470154,ARIMAx
0.198078309,ARIMAx
0.303924592,ARIMAx
0.158006781,ARIMAx
0.186459078,ARIMAx
0.044148596,ARIMAx
0.228939518,ARIMAx
0.067868738,ARIMAx
0.029424011,ARIMAx
0.039843182,ARIMAx
0.097159159,ARIMAx
0.024229479,ARIMAx
0.02304817,ARIMAx
0.271414406,ARIMAx
0.194867604,ARIMAx
0.096192199,ARIMAx
0.189563194,ARIMAx
0.189677939,ARIMAx
0.388323945,ARIMAx
0.394065115,ARIMAx
0.196570697,ARIMAx
0.182921714,ARIMAx
0.224968596,ARIMAx
0.040548727,ARIMAx
0.016774834,ARIMAx
0.166803914,ARIMAx
0.009048883,ARIMAx
0.054486997,ARIMAx
0.041632931,ARIMAx
0.157010862,ARIMAx
0.211684732,ARIMAx
0.184030602,ARIMAx
0.441217422,ARIMAx
0.207240363,ARIMAx
0.193204204,ARIMAx
0.212316936,ARIMAx
0.067350763,ARIMAx
0.029799413,ARIMAx
0.410069066,ARIMAx
0.674577301,ARIMAx
2.703043161,ARIMAx
0.5673677,ARIMAx
0.350488586,ARIMAx
0.118214294,ARIMAx
0.197995536,ARIMAx
0.260356167,ARIMAx
0.047206315,ARIMAx
0.133451738,ARIMAx
0.008417011,ARIMAx
0.164647996,ARIMAx
0.029405894,ARIMAx
0.131504375,ARIMAx
0.127103292,ARIMAx
0.161475801,ARIMAx
0.29005931,ARIMAx
0.265724442,ARIMAx
0.107203766,ARIMAx
0.351858893,ARIMAx
0.233882651,ARIMAx
0.339843848,ARIMAx
0.171580521,ARIMAx
0.199946891,ARIMAx
0.208714012,ARIMAx
0.025380059,ARIMAx
0.427370949,ARIMAx
0.121083144,ARIMAx
0.011485762,ARIMAx
0.024375445,ARIMAx
0.028172924,ARIMAx
0.164769481,ARIMAx
0.181624397,ARIMAx
0.075006543,ARIMAx
0.140038031,ARIMAx
0.253000885,ARIMAx
0.188869083,ARIMAx
0.079689193,ARIMAx
0.133852515,ARIMAx
0.045775681,ARIMAx
0.167283991,ARIMAx
0.08826737,ARIMAx
0.137019123,ARIMAx
0.134481344,ARIMAx
0.041548627,ARIMAx
0.018249749,ARIMAx
0.035286433,ARIMAx
0.216698821,ARIMAx
0.09621708,ARIMAx
0.438175529,ARIMAx
0.132533886,ARIMAx
0.062972653,ARIMAx
0.200596501,ARIMAx
0.031156547,ARIMAx
2.012865749,ARIMAx
0.848936076,ARIMAx
0.029032011,ARIMAx
0.27718595,ARIMAx
0.324385311,ARIMAx
0.012461968,ARIMAx
0.061060451,ARIMAx
0.124237015,ARIMAx
0.259006228,ARIMAx
0.167540435,ARIMAx
0.114870824,ARIMAx
0.054691314,ARIMAx
0.352130077,ARIMAx
0.14676163,ARIMAx
0.143928698,ARIMAx
0.022321074,ARIMAx
0.156613688,ARIMAx
0.028711203,ARIMAx
0.031608079,ARIMAx
0.326420543,ARIMAx
0.001855679,ARIMAx
0.273717818,ARIMAx
0.084864258,ARIMAx
0.032491627,ARIMAx
0.022676809,ARIMAx
0.406720267,ARIMAx
0.096652751,ARIMAx
0.089329828,ARIMAx
0.043197278,ARIMAx
0.240761177,ARIMAx
0.225889461,ARIMAx
0.262621308,ARIMAx
0.126258384,ARIMAx
0.086355465,ARIMAx
0.115112176,ARIMAx
0.005840989,ARIMAx
0.091864447,ARIMAx
0.168807286,ARIMAx
0.102480368,ARIMAx
0.082784797,ARIMAx
0.147535534,ARIMAx
0.017236633,ARIMAx
0.166593054,ARIMAx
0.03312548,ARIMAx
0.132555893,ARIMAx
0.151954418,ARIMAx
0.120228738,ARIMAx
0.098146822,ARIMAx
0.225282421,ARIMAx
0.077581848,ARIMAx
0.156335468,ARIMAx
0.109999092,ARIMAx
1.736755765,ARIMAx
0.159655465,ARIMA
0.325534177,ARIMA
0.074935388,ARIMA
0.280522212,ARIMA
0.019223038,ARIMA
0.195353661,ARIMA
0.002919195,ARIMA
0.00880699,ARIMA
0.06632456,ARIMA
0.171771212,ARIMA
0.006152356,ARIMA
0.241237358,ARIMA
0.356389819,ARIMA
0.153588704,ARIMA
0.055900113,ARIMA
0.019073586,ARIMA
0.026491764,ARIMA
0.025839526,ARIMA
0.065868772,ARIMA
0.134626305,ARIMA
0.180635189,ARIMA
0.070664838,ARIMA
0.104440116,ARIMA
0.168404417,ARIMA
0.278929751,ARIMA
0.256898394,ARIMA
0.251810642,ARIMA
0.100778452,ARIMA
0.134400262,ARIMA
0.114731418,ARIMA
0.091007901,ARIMA
0.129531964,ARIMA
0.16669534,ARIMA
0.014669049,ARIMA
0.114122558,ARIMA
0.013670123,ARIMA
0.06793188,ARIMA
0.073130588,ARIMA
0.02380959,ARIMA
0.364693144,ARIMA
0.068494344,ARIMA
0.334919496,ARIMA
0.028284602,ARIMA
0.045763988,ARIMA
0.075492852,ARIMA
0.290601272,ARIMA
0.374669226,ARIMA
1.868470641,ARIMA
0.219681043,ARIMA
0.403308311,ARIMA
0.172624702,ARIMA
0.365585154,ARIMA
0.052462337,ARIMA
0.120639656,ARIMA
0.024345324,ARIMA
0.09441835,ARIMA
0.154503825,ARIMA
0.07331177,ARIMA
0.261452442,ARIMA
0.032747957,ARIMA
0.139690789,ARIMA
0.124978087,ARIMA
0.099639152,ARIMA
0.014172438,ARIMA
0.30784801,ARIMA
0.091422575,ARIMA
0.07701687,ARIMA
0.160555724,ARIMA
0.03952887,ARIMA
0.207246837,ARIMA
0.069347716,ARIMA
0.532002312,ARIMA
0.059564512,ARIMA
0.088629868,ARIMA
0.11611333,ARIMA
0.134365836,ARIMA
0.143007892,ARIMA
0.019437588,ARIMA
0.161923391,ARIMA
0.169740043,ARIMA
0.099506207,ARIMA
0.06072997,ARIMA
0.199754986,ARIMA
0.075335512,ARIMA
0.029771206,ARIMA
0.098972906,ARIMA
0.012993424,ARIMA
0.176412022,ARIMA
0.202055134,ARIMA
0.183163116,ARIMA
0.20418414,ARIMA
0.226436194,ARIMA
0.24798999,ARIMA
0.362344149,ARIMA
0.227745653,ARIMA
0.224011431,ARIMA
0.245314898,ARIMA
0.040053143,ARIMA
0.086338795,ARIMA
2.191397428,ARIMA
0.032807098,ARIMA
0.198229777,ARIMA
0.186742215,ARIMA
0.216445898,ARIMA
0.092267048,ARIMA
0.036593408,ARIMA
0.107841673,ARIMA
0.406771146,ARIMA
0.05797789,ARIMA
0.08264427,ARIMA
0.004541823,ARIMA
0.228723039,ARIMA
0.010706601,ARIMA
0.078304561,ARIMA
0.129664871,ARIMA
0.114443579,ARIMA
0.006213925,ARIMA
0.014877034,ARIMA
0.295836779,ARIMA
0.305501013,ARIMA
0.018262773,ARIMA
0.048894996,ARIMA
0.083210513,ARIMA
0.055027318,ARIMA
0.464876518,ARIMA
0.12620984,ARIMA
0.156379944,ARIMA
0.144267768,ARIMA
0.144162211,ARIMA
0.070278675,ARIMA
0.180472693,ARIMA
0.027061249,ARIMA
0.058734411,ARIMA
0.173330858,ARIMA
0.094388691,ARIMA
0.080073838,ARIMA
0.18521716,ARIMA
0.030019191,ARIMA
0.101258746,ARIMA
0.084462392,ARIMA
0.055406266,ARIMA
0.127249375,ARIMA
0.156642645,ARIMA
0.049929116,ARIMA
0.046646067,ARIMA
0.188961058,ARIMA
0.006701063,ARIMA
0.215600503,ARIMA
0.26709031,ARIMA
0.020949814,ARIMA
0.192364478,ARIMA
1.526307134,ARIMA
0.088744589,WMA
0.298941799,WMA
0.004901961,WMA
0.143678161,WMA
0.091358025,WMA
0.293040293,WMA
0.060263653,WMA
0.001862197,WMA
0.080756014,WMA
0.17826087,WMA
0.023474178,WMA
0.204848485,WMA
0.412962963,WMA
0.252465483,WMA
0.071684588,WMA
0.040780142,WMA
0.023679417,WMA
0.028070175,WMA
0.060263653,WMA
0.136507937,WMA
0.18442623,WMA
0.107936508,WMA
0.171075838,WMA
0.195121951,WMA
0.284923928,WMA
0.262557078,WMA
0.202898551,WMA
0.011077543,WMA
0.018518519,WMA
0.007820137,WMA
0.227817746,WMA
0.01320132,WMA
0.096114519,WMA
0.08276644,WMA
0.010822511,WMA
0.107055961,WMA
0.179063361,WMA
0.159021407,WMA
0.027272727,WMA
0.405982906,WMA
0.046594982,WMA
0.362318841,WMA
0.037974684,WMA
0.033057851,WMA
0.128325509,WMA
0.357723577,WMA
0.397932817,WMA
1.705128205,WMA
0.368563686,WMA
0.548484848,WMA
0.091085271,WMA
0.347222222,WMA
0.052039381,WMA
0.22705314,WMA
0.074257426,WMA
0.078431373,WMA
0.141333333,WMA
0.112654321,WMA
0.216091954,WMA
0.069892473,WMA
0.247619048,WMA
0.190730838,WMA
0.118773946,WMA
0.025500911,WMA
0.276595745,WMA
0.061643836,WMA
0.011415525,WMA
0.223404255,WMA
0.016949153,WMA
0.196467991,WMA
0.097928437,WMA
0.451149425,WMA
0.103070175,WMA
0.190751445,WMA
0.057324841,WMA
0.096846847,WMA
0.192513369,WMA
0.069518717,WMA
0.154320988,WMA
0.181089744,WMA
0.124242424,WMA
0.04,WMA
0.240740741,WMA
0.044117647,WMA
0.039215686,WMA
0.085201794,WMA
0.031746032,WMA
0.21780303,WMA
0.189033189,WMA
0.174953959,WMA
0.172942817,WMA
0.227188082,WMA
0.213438735,WMA
0.367265469,WMA
0.29580574,WMA
0.259083728,WMA
0.201257862,WMA
0.031135531,WMA
0.043912176,WMA
2.127272727,WMA
0.152905199,WMA
0.405228758,WMA
0.283246978,WMA
0.248256625,WMA
0.107260726,WMA
0.087986464,WMA
0.096969697,WMA
0.425055928,WMA
0.040740741,WMA
0.12991453,WMA
0.015544041,WMA
0.233545648,WMA
0,WMA
0.122340426,WMA
0.101010101,WMA
0.099787686,WMA
0.03815261,WMA
0.063218391,WMA
0.32010582,WMA
0.306358382,WMA
0.038194444,WMA
0.067001675,WMA
0.086556169,WMA
0.050761421,WMA
0.452020202,WMA
0.141527002,WMA
0.074561404,WMA
0.170103093,WMA
0.178082192,WMA
0.05952381,WMA
0.151399491,WMA
0.074712644,WMA
0.136150235,WMA
0.13648294,WMA
0.133647799,WMA
0.021645022,WMA
0.221014493,WMA
0.067736185,WMA
0.110047847,WMA
0.083333333,WMA
0.081666667,WMA
0.161048689,WMA
0.153729072,WMA
0.053763441,WMA
0.015082956,WMA
0.227188082,WMA
0.032085561,WMA
0.196969697,WMA
0.282608696,WMA
0.001626016,WMA
0.240310078,WMA
1.541666667,WMA
0.062622996,EXP
0.260491831,EXP
0.047139598,EXP
0.200047351,EXP
0.054794472,EXP
0.278563884,EXP
0.114967872,EXP
0.068014842,EXP
0.108697569,EXP
0.202363757,EXP
0.029445221,EXP
0.236857877,EXP
0.346844678,EXP
0.249798941,EXP
0.022086078,EXP
0.000287262,EXP
0.02746996,EXP
0.023613151,EXP
0.060772603,EXP
0.131531546,EXP
0.195945952,EXP
0.048069494,EXP
0.137816386,EXP
0.231851515,EXP
0.240614837,EXP
0.273952356,EXP
0.269556649,EXP
0.098182846,EXP
0.079676202,EXP
0.037022377,EXP
0.203912535,EXP
0.011035783,EXP
0.065423555,EXP
0.072571295,EXP
0.010818246,EXP
0.118007263,EXP
0.19903717,EXP
0.220566502,EXP
0.100189767,EXP
0.480903041,EXP
0.040378695,EXP
0.312481092,EXP
0.017394054,EXP
0.029178493,EXP
0.119574659,EXP
0.376431105,EXP
0.510599617,EXP
2.11410914,EXP
0.130350913,EXP
0.477348096,EXP
0.026210992,EXP
0.410604671,EXP
0.034291446,EXP
0.125296926,EXP
0.088951643,EXP
0.045320742,EXP
0.136031768,EXP
0.078685319,EXP
0.225868916,EXP
0.037294384,EXP
0.202973827,EXP
0.236963913,EXP
0.202046701,EXP
0.046874661,EXP
0.328291003,EXP
0.124277505,EXP
0.062138753,EXP
0.19927591,EXP
0.043683252,EXP
0.146582995,EXP
0.084367141,EXP
0.461495759,EXP
0.060745039,EXP
0.148072965,EXP
0.020329226,EXP
0.071593542,EXP
0.180225015,EXP
0.090112508,EXP
0.102311608,EXP
0.181311345,EXP
0.140256272,EXP
0.090791955,EXP
0.193255028,EXP
0.032387488,EXP
0.016193744,EXP
0.092608798,EXP
0.0127339,EXP
0.200778747,EXP
0.161608096,EXP
0.173117486,EXP
0.177124969,EXP
0.216947297,EXP
0.21574394,EXP
0.351547255,EXP
0.300358912,EXP
0.176885792,EXP
0.209676408,EXP
0.034784206,EXP
0.070866091,EXP
2.143951248,EXP
0.045492287,EXP
0.27137693,EXP
0.314820389,EXP
0.319582291,EXP
0.005891504,EXP
0.022360193,EXP
0.094534186,EXP
0.406719728,EXP
0.003885446,EXP
0.07871636,EXP
0.029403342,EXP
0.211226608,EXP
0.027108217,EXP
0.088879551,EXP
0.088759528,EXP
0.097596567,EXP
0.008064274,EXP
0.049823763,EXP
0.32672487,EXP
0.218685932,EXP
0.000435765,EXP
0.035386098,EXP
0.079994935,EXP
0.044469332,EXP
0.459240688,EXP
0.093240864,EXP
0.122729886,EXP
0.168415096,EXP
0.188750065,EXP
0.114589876,EXP
0.194023153,EXP
0.019754168,EXP
0.099960016,EXP
0.119504954,EXP
0.126522976,EXP
0.02419292,EXP
0.240248466,EXP
0.102154325,EXP
0.059562539,EXP
0.078292206,EXP
0.056939287,EXP
0.155583869,EXP
0.123986464,EXP
0.053348008,EXP
0.044290764,EXP
0.207295366,EXP
0.056432809,EXP
0.248548491,EXP
0.24722507,EXP
0.016736015,EXP
0.181886968,EXP
1.606142767,EXP
0.181818182,Base
0.079365079,Base
0.147058824,Base
0.163793103,Base
0.348148148,Base
0.027472527,Base
0.011299435,Base
0.083798883,Base
0.18556701,Base
0.073913043,Base
0.291079812,Base
0.345454545,Base
0.061111111,Base
0.100591716,Base
0.010752688,Base
0.026595745,Base
0.038251366,Base
0.068421053,Base
0.186440678,Base
0.161904762,Base
0.139344262,Base
0.1,Base
0.132275132,Base
0.469512195,Base
0.211618257,Base
0.181506849,Base
0.04057971,Base
0.033232628,Base
0.002923977,Base
0.184750733,Base
0.089928058,Base
0.075907591,Base
0.098159509,Base
0.047619048,Base
0.11038961,Base
0.116788321,Base
0.099173554,Base
0.009174312,Base
0.290909091,Base
0.192307692,Base
0.483870968,Base
0.141304348,Base
0.021097046,Base
0.119834711,Base
0.230046948,Base
0.213414634,Base
0.596899225,Base
1.365384615,Base
0.788617886,Base
0.218181818,Base
0.674418605,Base
0.177083333,Base
0.126582278,Base
0.024154589,Base
0.094059406,Base
0.131221719,Base
0.136,Base
0.342592593,Base
0.144827586,Base
0.153225806,Base
0.10952381,Base
0.069518717,Base
0.051724138,Base
0.229508197,Base
0.035460993,Base
0,Base
0.287671233,Base
0.058510638,Base
0.146892655,Base
0.17218543,Base
0.344632768,Base
0.310344828,Base
0.138157895,Base
0.092485549,Base
0.057324841,Base
0.263513514,Base
0,Base
0.13368984,Base
0.283950617,Base
0.057692308,Base
0.022727273,Base
0.2,Base
0.133333333,Base
0,Base
0.093137255,Base
0.058295964,Base
0.161904762,Base
0.3125,Base
0.216450216,Base
0.320441989,Base
0.251046025,Base
0.413407821,Base
0.339920949,Base
0.095808383,Base
0.397350993,Base
0.246445498,Base
0.144654088,Base
0.082417582,Base
0.670658683,Base
0.981818182,Base
0.403669725,Base
0.261437908,Base
0.238341969,Base
0.154811715,Base
0.024752475,Base
0.116751269,Base
0.322727273,Base
0.208053691,Base
0.083333333,Base
0.01025641,Base
0.186528497,Base
0.076433121,Base
0.112426036,Base
0.122340426,Base
0.048484848,Base
0.057324841,Base
0.048192771,Base
0.448275862,Base
0.313492063,Base
0.10982659,Base
0.036458333,Base
0.090452261,Base
0.08839779,Base
0.329949239,Base
0.356060606,Base
0.150837989,Base
0.276315789,Base
0.128865979,Base
0.02283105,Base
0.169642857,Base
0.114503817,Base
0.081896552,Base
0.192488263,Base
0.165354331,Base
0.089622642,Base
0.203463203,Base
0.016304348,Base
0.117647059,Base
0.052631579,Base
0.090909091,Base
0.11,Base
0.230337079,Base
0.00913242,Base
0.01843318,Base
0.190045249,Base
0.044692737,Base
0.176470588,Base
0.493506494,Base
0.108695652,Base
0.16097561,Base
0.581395349,Base
